name,description,phone_number,address,access,business_hours,homepage,holiday,genre
稲荷茶寮,伏見稲荷大社の休憩所【啼鳥菴（ていちょうあん）】内に設けられた日本茶カフェ。鳥居の飾りが乗っている抹茶パフェが食べられる。他にぜんざい、かき氷も楽しめる。,075-286-3631,〒612-0805 京都府京都市伏見区深草藪之内町６８ 伏見稲荷大社啼鳥菴内,JR奈良線「稲荷駅」から徒歩約5分京阪電車「伏見稲荷駅」から徒歩約10分,11:00~16:00(L.O.15:30),https://tsubakido.kyoto/inarisaryo/,水曜日（祝日の場合営業）,パフェ ぜんざい かき氷
伊藤久右衛門 宇治本店・茶房,天保3年創業、白い暖簾をくぐるとお茶の香りが広がる。伝統の石臼挽き抹茶を贅沢に使用した「伊藤久右衛門パフェ」をはじめ、季節ごとに限定抹茶パフェやプレートが食べられる。他にもぜんざい、アイス、あんみつなどが楽しめる。かき氷、くず湯は季節限定。,0774-23-3955,〒611-0013 京都府宇治市莵道荒槇１９−３,京阪宇治線「宇治駅」から徒歩約5分JR奈良線「宇治駅」から徒歩約15分,平日：10:00~17:30(L.O.17:00) 土日：10:00~18:00(L.O.17:30),https://www.itohkyuemon.co.jp/,なし（元日を除く）,パフェ プレート ぜんざい かき氷 あんみつ アイスクリーム
伊藤久右衛門 祇園四条店・茶房,天保3年創業、白い暖簾をくぐるとお茶の香りが広がる。伝統の石臼挽き抹茶を贅沢に使用した「伊藤久右衛門パフェ」をはじめ、季節ごとに限定抹茶パフェやプレートが食べられる。他にもぜんざい、アイス、あんみつなどが楽しめる。かき氷、くず湯は季節限定。,075-741-8096,〒605-0074 京都府京都市東山区祇園町南側５８６,京阪電鉄「祇園四条駅」6番出口より徒歩1分阪急電鉄「河原町駅」1番出口より徒歩約4分,平日：11:00~17:00(L.O.16:30) 土日：11:00~17:30(L.O.17:00),https://www.itohkyuemon.co.jp/,なし（元日を除く）,パフェ プレート ぜんざい かき氷 あんみつ アイスクリーム
茶寮翠泉  高辻本店,『吟味した宇治抹茶だけがもつ高貴な翠の色、香り、味わいを』をコンセプトにしている京都発・宇治抹茶の本格和カフェ・スイーツ店。拘りの抹茶わらび餅やパフェが食べられる。,075-278-0111,〒600-8098 京都市下京区高辻通東洞院東入稲荷町521番地 京都高辻ビル1階,地下鉄烏丸線 「四条駅」5番出口より徒歩5分,10:30～18:00（L.O.17:30）,https://saryo-suisen.com/,不定休,パフェ ぷるぷるスイーツ ケーキ ドリンク
茶寮翠泉 烏丸御池店,『吟味した宇治抹茶だけがもつ高貴な翠の色、香り、味わいを』をコンセプトにしている京都発・宇治抹茶の本格和カフェ・スイーツ店。拘りの抹茶わらび餅やパフェが食べられる。,075-221-7010,〒604-0846 京都市中京区両替町通押小路上ル金吹町461番地 烏丸御池メディカルモール1階,地下鉄烏丸線 「烏丸御池駅」2番出口より徒歩5分,10:30～18:00（L.O.17:30）,https://saryo-suisen.com/,不定休,パフェ ぷるぷるスイーツ ケーキ ドリンク
抹茶共和国 Matcha Republic 宇治本店,お洒落なインク瓶に入った抹茶ドリンクを飲むことが出来るお店。自社の高品質な宇治産一番茶を石臼で挽いた宇治抹茶と、生乳１００%の北海道牛乳等を使用し、素材にもこだわったドリンクになっている。,0774-39-8996,〒611-0021 京都府宇治市宇治妙楽２６−２,JR「宇治駅」南口から徒歩4分,10:00~18:00,https://www.matcha-republic.com/,なし,ドリンク ぷるぷるスイーツ アイスクリーム ケーキ
抹茶共和国 Matcha Republic 京都タワーサンド店,お洒落なインク瓶に入った抹茶ドリンクを飲むことが出来るお店。自社の高品質な宇治産一番茶を石臼で挽いた宇治抹茶と、生乳１００%の北海道牛乳等を使用し、素材にもこだわったドリンクになっている。,075-352-0818,〒600-8216 京都府京都市下京区東塩小路町７２１−１1F,JR「京都駅」から徒歩1分,当面の間 : 10:30~20:30 ,https://www.matcha-republic.com/,なし,ドリンク ぷるぷるスイーツ アイスクリーム
京都北山マールブランシュ 京都タワーサンド店,お濃茶ラングドシャ「茶の菓」を売っている洋菓子店のカフェ。こちらでは京都タワーサンド店限定の、『生茶の菓アイスバー』が食べられる。,075-353-4567,京都府京都市下京区烏丸通七条下る東塩小路町721番地1 京都タワーサンド1F,JR「京都駅」から徒歩1分,当面の間 : 10:30~20:30 ,https://www.malebranche.co.jp/,なし,アイスクリーム
金の百合亭,八坂神社石段下にある。ロッシーニのオペラ「ランスへの旅」の舞台となった宿の名前から付けられた喫茶店。月ごとに変わる拘りの抹茶パフェが食べられる。,075-531-5922,〒605-0073 京都府東山区祇園町北側 292-2 2階,阪急電鉄「河原町駅」1番出口から徒歩8分京阪本線「祇園四条駅」7番出口から八坂神社に向かって徒歩5分,11:00〜17:30,https://kinnoyuritei.com/,水曜日、木曜日,パフェ ドリンク ケーキ ぷるぷるスイーツ
MICASADECO&CAFE KYOTO,テーマは”アート×ミカサデコ”。築100年以上の京町家とモダンなインテリアデザインをミックスしたお洒落なお店。ふわふわの食感のパンケーキに、京都宇治の老舗茶問屋「北川半兵衛商店」 の抹茶を使用した、パンケーキは京都店でしか味わえない。,075-606-5307,〒604-8057 京都府京都市中京区梅屋町(麸屋町通)480,阪急京都本線京都「河原町駅」11番出口より徒歩約5分京阪本線祇園「四条駅」4番出口より徒歩約14分,平日 11:00-17:00(L.O.16:30)土日祝11:00-18:00(L.O.17:30),http://micasadecoandcafe.com/kyoto/,12/31（金）～ 1/3（水）,パンケーキ
茶匠清水一芳園 京都本店,一九四五年創業の茶専門問屋のカフェ。高級抹茶をふんだんに使用した、抹茶のエスプーマが乗ったかき氷やパフェが楽しめる。,075-202-7964,〒605-0963 京都府京都市東山区本瓦町665,京阪本線「七条駅」より七条通を東へ徒歩9分,※当面の間 11:00〜16:30(LO),https://ippoen.co.jp/shop,月曜(但し祝日営業)、年末年始,パフェ かき氷
『MACCHA HOUSE抹茶館』日本本店,シンガポールや香港など、アジアを中心に展開する抹茶スイーツ専門店。日本に逆輸入された。歴史のある京都「森半」の抹茶を使用している。枡に入ったフォトジェニックな抹茶ティラミスが食べられる。,075-253-1540,〒604-8026 京都府京都市中京区河原町通四条上ル米屋町382‐2,阪急電鉄「河原町駅」より北へ徒歩2分,月-木・日・祝日 10:00-21:00(LO/20:30) 金・土・祝前日 10:00-22:00(LO/21:30),https://www.create-restaurants.co.jp/shop/index.php?controller=FrontCrShop&action=shop_show&id=1106,なし,ティラミス パフェ アイスクリーム ドリンク
『MACCHA HOUSE抹茶館』日本6号店,シンガポールや香港など、アジアを中心に展開する抹茶スイーツ専門店。日本に逆輸入された。歴史のある京都「森半」の抹茶を使用している。枡に入ったフォトジェニックな抹茶ティラミスが食べられる。,075-532-5630,〒605-0862 京都府京都市東山区清水3丁目337,京阪本線 「祇園四条駅」 徒歩13分京阪本線 「清水五条駅」 徒歩14分,9：00～20：00（LO19：30）,https://www.create-restaurants.co.jp/shop/index.php?controller=FrontCrShop&action=shop_show&id=1675,なし,ティラミス パフェ アイスクリーム ドリンク
ななや 京都三条店,1907年に茶処、静岡で創業した［丸七製茶］によるスイーツ店。独自製法のチョコレートや、抹茶やほうじ茶、フルーツを使ったジェラートなどが楽しめる。特に世界で一番濃い抹茶ジェラートが有名。,075-251-7780,〒604-8103 京都府京都市中京区 三条上ル油屋町92-1 グランドソレーユ,地下鉄烏丸線 「烏丸御池駅」3-1番出口より徒歩6分,10:00～18:00,https://nanaya-matcha.com/,毎月第一火曜日（祝日の場合は営業）,アイスクリーム
雪ノ下京都本店,素材にこだわった絶品スイーツが頂ける有名店。20分以上かけて焼き上げる厚みのとてもある贅沢な抹茶パンケーキが食べられる。添えられている黒豆と抹茶ソースがまた美味しい。,075-285-0150,〒604-8251 京都市中京区三条油小路町１４５－１,地下鉄「烏丸御池駅」 から徒歩8分地下鉄「二条城前駅」 から徒歩8分,11:00～18:00 Lo17:00,http://yukinositakyoto.net/,不定休,パンケーキ
Eggs ’n Things 京都四条店,1974年にハワイで誕生して以来、地元の人々はもちろん、ハワイを訪れる世界中の旅行客にとって人気のカジュアルレストラン。京都四条店では『京都限定 宇治抹茶パンケーキ』が食べられる。,075-353-5009,〒600-8091 京都府京都市下京区元悪王子町４７−４,地下鉄烏丸線「四条駅」より徒歩5分阪急京都線「烏丸駅」より徒歩5分,9:00～20:00（L.O. FOOD 19:00 / DRINK 19:30）,https://www.eggsnthingsjapan.com/kyoto/,不定休,パンケーキ
焼き窯抹茶 スイーツ茶筅,作りたてでしか味わえない、新感覚のスイーツ専門店。和のテイストを加えた『ひんやり熱々とろけるスイーツ』を季節に合わせて提供する。お抹茶・玉手箱スイーツが一番人気。,075-352-3401,〒600-8216 京都府京都市下京区東塩小路町９０１ 京都駅ビル 10階 京都拉麺小路内,JR「京都駅」から徒歩1分,11:00〜22:00 (L.O. 21:30),https://kyoto-chasen.shopinfo.jp/,不定休,プレート パフェ ティラミス ぷるぷるスイーツ アイスクリーム かき氷
辻利兵衛本店 宇治本店茶寮,江戸時代からお茶問屋を営む。お茶の濃厚な旨味や香ばしさを味わえるパフェやゼリーなどのスイーツや、お濃茶などを庭を見ながら楽しめる。,0774-29-9021,〒611-0021 京都府宇治市宇治若森４１,JR「宇治駅」より徒歩6分京阪「宇治駅」徒歩17分,10：00〜18：00（ラストオーダー17:00）,http://www.tsujirihei.co.jp/,火曜日,パフェ ぜんざい ケーキ ぷるぷるスイーツ
KITANO LAB,全国の農家を訪ねこだわりの素材を扱うコンフィチュールの専門店。だが抹茶パフェも専門店顔負けの美味しさと評判。宇治茶の産地、和束町の農家から直接仕入れる抹茶を使用した抹茶パフェが食べられる。,075-496-8777,〒602-8386 京都市上京区御前通一条上る馬喰町914番地,京福電気鉄道（嵐電）「北野白梅町駅」から徒歩5分,12:00-18:00,https://kitano-lab.com/index.html,月・火曜(祝日の場合は営業),パフェ
無碍山房 Salon de Muge,ミシュラン店「菊乃井」の味を気軽に味わえるよう作った喫茶店。苔と新緑が美しいお庭を眺むカウンター席で、最高の宇治抹茶を使用した濃い抹茶パフェが味わえる。,075-744-6260,〒605-0825 京都府京都市東山区鷲尾町５２４,京阪「祇園四条駅」から徒歩約15分市バス「祇園」停留所から徒歩約10分,11:30pm - 17:00pm,https://kikunoi.jp/kikunoiweb/Muge/index,第一、第三火曜日定休日 (年末･年始休みあり),パフェ
FUKUNAGA 901,旬のフルーツを贅沢に使用したスイーツや、オリジナルブレンドのハーブティーなどが楽しめる。抹茶を盆栽に見立てた抹茶パフェは1日10食限定。,075-342-0082,〒600-8216 京都府京都市下京区東塩小路町901番地 京都駅ビル内 8F,JR「京都駅」から徒歩1分,10:00～19:30 (L.O),https://fukunaga294.jp/,年末年始,パフェ
丸久小山園 西洞院店 茶房「元庵」,元禄年間に創業した日本茶専門店が営む茶房。抹茶アイスクリームやお抹茶、夏は抹茶かき氷、冬は抹茶ぜんざいが味わえる。,075-223-0909,〒604-8277 京都府京都市中京区西洞院通御池下ル西側,地下鉄「烏丸御池駅」4-1番出口より約500m 徒歩6分地下鉄「二条城前駅」2番出口より約500m 徒歩6分京都市営バス（9・12・15・50・101系統）「堀川御池」バス停より約400m 徒歩5分,10:30〜17:00（ラストオーダー）,https://www.marukyu-koyamaen.co.jp/motoan.html,毎週水曜日（祝営業）、正月三箇日,アイスクリーム かき氷 ぜんざい
ぎをん小森,伝統的な京町家の保存地域にある甘味処。白川のせせらぎや景色を味わいながら、数種類の抹茶パフェやわらび餅、あんみつなどが食べられる。,075-561-0504,〒605-0087 京都府京都市東山区元吉町６１,京阪本線「祇園四条」駅(９番出口)から徒歩4分阪急京都本線「河原町」駅(１A出口)から徒歩8分,11:00～20:00(L.O.19:30),http://www.giwon-komori.com/,水曜日(祝日の場合は営業)、不定休(SNSにて告知),パフェ ぷるぷるスイーツ あんみつ
パパジョンズ今出川本店,京都で初めてニューヨークチーズケーキを紹介した、本場ニューヨーク仕込みのチーズケーキ専門店。カフェでは抹茶ホワイトチーズケーキが食べられる。,075-415-2655,〒602-0898 京都府京都市上京区相国寺門前町６４２−４ コーポマルス 1F,京都市営地下鉄「今出川駅」から徒歩3分,11:00am-7:00pm（ラストオーダー6:00pm）,http://papajons.net/html/page8.html,火曜日,ケーキ
パパジョンズ 六角店,京都で初めてニューヨークチーズケーキを紹介した、本場ニューヨーク仕込みのチーズケーキ専門店。カフェでは抹茶ホワイトチーズケーキが食べられる。,075-211-1600,〒604-8117 京都府京都市中京区堀之上町１１５,地下鉄烏丸線 「四条駅」 徒歩8分地下鉄烏丸線 「烏丸御池駅」 徒歩5分阪急京都線 「烏丸駅」 徒歩8分,平日／11:00am-7:00pm 土・日・祝日／10：00～7：00pm（ラストオーダー6:00pm）,http://papajons.net/html/page31.html,火曜日,ケーキ
TEA ROOM KIKI 紅茶 & スコーン専門店 京都・嵐山本店,美味しい紅茶と自家製の英国伝統菓子・スコーンやケーキが食べられる。郵便局だった建物をリノベーションしている。嵐山店限定で抹茶ミルクジャムが楽しめる。,075-432-7385,〒616-8373 京都市右京区嵯峨天龍寺車道町1,ＪＲ「嵯峨嵐山駅」から徒歩約２分阪急「嵐山駅」から徒歩約１６分,10:30-18:00(L.O.16:30),https://lworld.co.jp/kiki_arashiyama/,不定休,アフタヌーンティー
スフレ＆カフェコーナー茶庭,注文後に焼き上げるスフレ専門店。季節限定含めて6~7種が置いてある。記事に抹茶を練り込んだスフレに、抹茶＆あんこソースをかけて食べることができる。,075（751）6171,〒606-8341 京都市左京区岡崎西天王町71,地下鉄東西線「東山」駅から徒歩１５分市バス「岡崎公園美術館・平安神宮前」もしくは「熊野神社前」から徒歩５分,14:00～17:00,https://www.rokusei.co.jp/?men=4,月曜日（祝日の場合は振替）12月26日〜1月1日はお休み,スフレ
Cafe冨月,夜は一見さんお断り。祇園花街のお茶屋さんの昼間だけ開かれる甘味処。手前がカウンター、奥は坪庭を望む座敷とかなり広い間取りになっている。お豆腐を使用した抹茶チーズケーキが食べられる。,075-561-5937,〒605-0074 京都府京都市東山区祇園町南側５７０−８,京阪「祇園四条駅」から徒歩約6分,10:00～17:00,https://www.instagram.com/gion.cafefu_getsu/?hl=ja,第1第3月曜日,ケーキ
東山茶寮,上質な本物の宇治茶をふんだんに使用し、素晴らしい風味を楽しめる宇治茶専門の甘味処。抹茶づくしのセットやパフェ、あんみつなどが楽しめる。,075-532-0873,〒605-0846 京都府京都市東山区五条橋東４丁目４４８,京阪本線「清水五条駅」下車 徒歩約7分,11:00～17:00(L.O.16:30),https://www.kyo-ohana.com/,水曜日,プレート パフェ あんみつ
TEO KAFON,日本の喫茶文化と海外のカフェ文化の融合”をコンセプトに作られた、抹茶にフォーカスした新感覚のカフェ。オリジナル抹茶を5つの味で楽しめる抹茶スイーツプレートが味わえる。,075-223-1400,〒604-8035 京都府京都市中京区桜之町４４７,京都本線「河原町駅」徒歩5分地下鉄東西線「京都市役所前駅」徒歩8分地下鉄東西線、京阪本線「三条駅」徒歩8分,11:00～18:00(L.O.17:30),https://www.instagram.com/teokafon/,火曜日,プレート
けずりひや京都祇園,新雪のようにさらさらな食感の氷をベースに、厳選された京都のお抹茶やほうじ茶を食べる、新感覚の京都氷菓のお店。,075-541-2650,〒605-0074 京都市東山区祇園町南側555番地 アパホテル京都祇園エクセレント地下1階,京阪「祇園四条駅」から徒歩約6分,[通常] 12:30 - 17:30 (L.O.17:00) [夏期] 11:00 - 18:30 (L.O.18:00),http://kezurihiya.com/,なし,かき氷
甘党茶屋 梅園 三条寺町店,甘味処・梅園のプロデュース。洋館のような空間で多彩な和スイーツが楽しめる。宇治ひやしぜんざい、クリームぜんざい、かき氷、あんみつなどが味わえる。,075-211-1235,〒604-8081 京都府京都市中京区天性寺前町５２６,地下鉄東西線「京都市役所前駅」徒歩１０分,10:30 ～ 19:30（LO 19:20）,https://umezono-kyoto.com/sanjo/,なし,ぜんざい あんみつ かき氷
うめぞの茶房,甘味処・梅園のプロデュース。西陣に立つ築100年の町屋を改造。餡や寒天、わらび粉をベースにしたかざり羹「抹茶」を食べられる。,075-432-5088,〒603-8223 京都府京都市北区紫野東藤ノ森町１１−１,京都市バス「大徳寺前」停留所より徒歩約5分京都市バス「堀川鞍馬口」停留所より徒歩約7分地下鉄烏丸線「鞍馬口」駅から徒歩約17分,12:15-18:00(17:30L.O.),https://umezono-kyoto.com/nishijin/,不定休,ぷるぷるスイーツ
うめぞのCAFE&GARALLEY,甘味処・梅園のプロデュース。町屋を改装した店内はナチュラルな雰囲気。箸で食べられる程柔らかい抹茶ホットケーキが楽しめる。,075-241-0577,〒604-8215 京都府京都市中京区不動町１８０,京都市営地下鉄「四条駅」、阪急京都線「烏丸駅」下車徒歩７分,11:30-19:00(18:30L.O.),https://umezono-kyoto.com/cafe/,年中無休,パンケーキ
梅香堂,昭和28年創業、地域に愛される甘味処。可愛い手描きのイラストで書かれたメニューは40種類以上。手作りの抹茶ゼリーが主役の「小倉抹茶ゼリーパフェ」が食べられる。,075-561-3256,〒605-0952 京都府京都市東山区今熊野宝蔵町６,京都市営バス「今熊野」停留所からすぐJR奈良線、京阪本線「東福寺駅」から徒歩10分,10:00～18:00 (L.O.17:30),https://twitter.com/baikoudo,火曜日 (祝日の場合は翌日),パフェ
Salon de KANBAYASHI 上林春松本店,創業４５０年の京都宇治の老舗茶舗・上林春松本店が選定した玉露と煎茶を、実際にお客様が急須で淹れて愉しめるサロン。パティシエ手作りの抹茶ガトーショコラやアフタヌーンティーが味わえる。,075-551-3633,〒605-0828 京都市東山区下河原通高台寺塔之前上る 金園町400番1 AKAGANE RESORT KYOTO HIGASHIYAMA 1925内,京阪電鉄「祇園四条駅」より徒歩12分阪急電鉄京都線「河原町駅」より徒歩15分,11:30-17:00,https://www.salondekanbayashi.com/,定休日：火曜日・土日祝不定休,アフタヌーンティー ケーキ
ぎおん徳屋,京都らしい町並みが続く花見小路に佇む甘味処。何よりも大事にしているのは素材の質。高級抹茶柳桜園の濃い茶を和三盆糖と合わせたお抹茶の本くずもちが楽しめる。,075-561-5554,〒605-0074 京都府京都市東山区祇園町南側570-127,京阪本線「祇園四条」駅(6番出口)から徒歩6分阪急京都線「河原町」駅(1A出口)から徒歩8分,12:00～18:00,http://gion-tokuya.jp/,不定休,ぷるぷるスイーツ
家守堂,「安本茶舗」をリノベーションしたマイクロブルワリー。ビールだけでなく、サーバーから注がれるナイトログリーンティーが味わえる。他にも抹茶ソフトや抹茶チーズケーキが食べられる。,075-603-3080,〒612-8056 京都府京都市伏見区中油掛町108,京阪本線「中書島駅」「伏見桃山駅」、近鉄「桃山御陵駅」より徒歩6分,11:00-22:00,https://yamorido.jp/,月曜日（月曜日が祝日の場合はその翌日）,ドリンク アイスクリーム ケーキ
amagami kyoto,京都の有名バリスタ・岡田章宏がプロデュースするシュークリーム専門店。隠れ家的ロケーションも魅力。見た目も可愛く、濃い抹茶を使用している手毬型シュークリーム抹茶味が味わえる。,075-351-2011,〒600-8099 京都市下京区仏光寺通烏丸東入ル上柳町315-11,阪急電鉄「烏丸駅」・京都市営地下鉄「四条駅」 3番出口より徒歩1分,11:00～18:00,https://amagami-kyoto.com/amagami/,水曜日、木曜日,シュークリーム
京洋菓子司ジュヴァンセル 祇園店,和素材を取り入れた京洋菓子店のスイーツカフェ。抹茶チョコを使用した祇園フォンデュや、抹茶アイスのサンド、生ケーキなどが食べられる。,075-551-1521,〒605-0821 京都市東山区八坂鳥居前南入清井町482 京ばんビル2F,京阪本線「祇園四条駅」から徒歩10分阪急京都線「河原町駅」から徒歩15分,10：00～18：00（L.O 17:30）,https://jouvencelle.jp/store/gion,火曜定休（祝日は営業）,フォンデュ アイスクリーム ケーキ
eXcafe京都嵐山本店,古民家をリノベーションして作られたカフェ。襖に書かれたアートやお庭も楽しめる。可愛い傘が付いている天龍寺パフェや、自分でお団子を焼けるほくほく団子セットなどが楽しめる。,075-882-6366,〒616-8384 京都府京都市右京区嵯峨天龍寺造路町３５−３,京福線「嵐山駅」から徒歩1分ＪＲ線「嵯峨嵐山駅」から徒歩10分,平日：10:00～18:00 土日：10：00～18:00,https://tabelog.com/kyoto/A2601/A260403/26005251/,不定休,パフェ お団子
ともみジェラーto,農家から直送される素材をそのままダイレクトに味わうことができるジェラート屋。宇治の茶園の茶葉を使い、程よい苦味とまろやかさを味わえる抹茶ジェラートが楽しめる。他にも旬の野菜やフルーツを使ったジェラートが常時10種ほどある。,,〒600-8029  京都府京都市下京区西橋詰町759番地 SAKIZO河原町五条ビル 1階 ,京阪本線「祇園五条」駅から徒歩4分,13:00-22:00,http://tomomigelato.jp/?page_id=32,水・木曜日,アイスクリーム
茶香房 長竹,先斗町の石畳の路地にある日本茶専門のカフェ。様々な抹茶スイーツを生み出した草分け的存在。わらび餅やパフェ、あんみつなどが楽しめる。,075-213-4608,〒604-8016 京都府京都市中京区 先斗町通三条下ル材木町189 ８番路地,京阪本線「三条」駅から徒歩4分京阪本線「祇園四条」駅から徒歩6分,13:00～22:00,https://tabelog.com/kyoto/A2601/A260301/26000022/,火曜日•水曜日,パフェ あんみつ ぷるぷるスイーツ
家傳京飴 祇園小石,創業80年以上の老舗京飴専門店に併設する茶房。観光の合間に立ち寄れる好立地。抹茶シフォンパフェや抹茶あんみつなどが味わえる。,075-531-0331,〒605-0073 京都府京都市東山区祇園町北側２８６−２,京阪本線「祇園四条」駅(7番出口)から徒歩5分阪急京都線「河原町」駅(1A出口)から徒歩8分,10:30～19:30,https://www.g-koisi.com/hpgen/HPB/categories/9341.html,無休,パフェ あんみつ
ぎおん石 喫茶室,鉱物、化石から、モダンな美術工芸品、アクセサリー小物を展示しているショールームに併設されている純喫茶。店内は祇園の喧騒から離れて静かに過ごすことができる。京都らしい抹茶パフェやクリームあんみつ、ケーキなどが楽しめる。,075-561-2458,〒605-0074 京都府京都市東山区祇園町南側555,京阪本線「祇園四条」駅(7番出口)から徒歩5分阪急京都線「河原町」駅(1A出口)から徒歩7分,11:00～20:00(L.O.19:30),https://www.gionishi.com/gion/,無休,パフェ あんみつ ケーキ
新八茶屋,「渡月橋」のたもとにあるソフトクリーム・ジェラート屋さん。イタリア国際ジェラート大会で3位入賞した実力がある。元祖抹茶ソフトクリームや抹茶のジェラートが味わえる。,075-861-0117,〒616-8384 京都市右京区嵯峨天龍寺造路町37-17,京福電鉄嵐山線「嵐山」駅下車、徒歩1分JR西日本山陰本線「嵯峨嵐山」駅下車、徒歩10分阪急嵐山線「嵐山」駅下車、徒歩10分,9:30 – 18:00(冬季17：30閉店),https://shinpachichaya.com/,木曜日,アイスクリーム
cafe ゆきかぐれ,有機栽培コーヒーや手づくりのケーキ＆フードが楽しめるカフェ。近くには新撰組で有名な寺田屋や長建寺、伏見の酒蔵など名所旧跡がある。パフェやチーズケーキ、パンケーキなどが楽しめる。,075-611-1771,〒612-8224 京都市伏見区葭島矢倉町５７－4,京阪本線「中書島駅」北改札口から徒歩1分,11：00～21：00　（ラストオーダー20：00）,https://yukikagure.p-kit.com/,月曜日※月曜日が祝日の場合は営業し、火曜日お休み。(加えて年末年始も休み),パフェ パンケーキ ケーキ
一乗寺中谷,三代にわたる老舗の和菓子処の茶屋。懐かしい雰囲気のカフェスペースで、パフェやかき氷、ぜんざい、ごはんものなどが味わえる。,075-781-5504,〒606-8151 京都府京都市左京区一乗寺花ノ木町５,叡山電鉄「一乗寺駅」から東へ徒歩6分。京都駅より市バス5系統（四条烏丸、四条河原町、三条京阪前経由）、四条烏丸より65系統、北大路バスターミナルより北8系統を利用。「一乗寺下り松町」から徒歩1分。,9:00～19:00（L.O.18:00),https://www.ichijouji-nakatani.com/cafe.html,水曜日,パフェ かき氷 ぜんざい
IORI 京都大丸店,1716年創業の老舗和菓子屋が手掛けるカフェ。百貨店内にあり立ち寄りやすい。計算された抹茶パフェやシフォンケーキ、アフォガードなどが楽しめる。,075-241-7033,〒600-8511 京都市下京区四条通高倉西入立売西町79番地 大丸京都店 地下１階,阪急京都線「烏丸駅」より徒歩1分地下鉄烏丸線「四条駅」より徒歩2分,10:00～20:00 （L.O.19：30）,https://www.sasayaiori.com/store/p-171/,大丸京都店に準ずる,パフェ ケーキ
笹屋伊織 別邸,1716年創業の老舗和菓子屋が手掛けるカフェ。駅から連絡通路で繋がっているため、アクセスも大変便利。見目麗しいパフェやアフタヌーンティー、かき氷などが楽しめる。,075-322-8078,〒600-8842 京都市下京区朱雀堂ノ口町20-4 ホテル エミオン 京都1F,JR嵯峨野線「梅小路京都西」駅より連絡通路で徒歩2分,11：00～18：00　カフェラストオーダー　フード15：00　その他17：30,https://www.sasayaiori.com/store/p-7571/,無休,パフェ アフタヌーンティー かき氷
SASAYAIORI+ 京都御苑,1716年創業の老舗和菓子屋が手掛けるカフェ。一般財団法人国民公園協会様との協働運営として京都御苑内の近衞邸休憩所に出店。パフェやかき氷、ふっくらしたどら焼きなどが食べられる。,075-256-7177,〒602-0881 京都府京都市上京区京都御苑 3,市営地下鉄烏丸線「今出川」駅より徒歩5分,午前10時～午後4時30分　※ラストオーダー：午後4時,https://www.sasayaiori.com/store/p-11219/,月曜日(月曜日が祝日の場合は翌平日)、年末年始,パフェ かき氷
GOCHIO cafe,“碾茶”を栽培・製造する【茶園清水屋】が直営する茶農家カフェ。商品には“香料”、“着色料”、“保存料”は一切使用しない拘りを持つ。シングルオリジンのお茶を使用した、濃茶パフェや抹茶クレープなどが味わえる。,0774 -25 -3335,〒611-0021 京都府宇治市宇治壱番６３,JR奈良線「宇治」駅より徒歩3分京阪電車 京阪宇治線 「宇治」駅より徒歩10分,11:00 - 16:30（L.O16:00）,https://gochio.kyoto.jp/access/,月〜木曜日,パフェ クレープ
永楽屋 喫茶室,創業70年以上、佃煮とお菓子を扱うお店の喫茶室。選りすぐりの素材と丁寧なものづくりに拘っている。様々な素材が楽しめる抹茶パフェやわらび餅、ぜんざいなどが楽しめる。,075-221-2318,〒604-8026 京都市中京区河原町四条上る東側,阪急京都線「河原町駅」3番出口から徒歩1分,10:00-19:00,https://www.eirakuya.co.jp/room/,年中無休,パフェ ぷるぷるスイーツ ぜんざい
パティスリー＆カフェ デリーモ 京都店,チョコレートに魅せられたショコラティエが、立ち上げたパティスリー。京都で生まれたショコラと抹茶のコラボ、黒抹茶を贅沢に使用した、黒抹茶ショコラパフェや、黒抹茶パンケーキは京都店限定。,075-746-5300,〒600-8216京都府京都市下京区烏丸通塩小路 下ル東塩小路町 ジェイアール京都伊勢丹 JR西口改札前 イートパラダイス,JR「京都駅」から徒歩1分,平日 10:00-22:00(LO21:00) 土日祝 8:00-22:00(LO21:00),https://de-limmo.jp/pages/kyoto,施設に準ずる,パフェ パンケーキ
八十八良葉舎,嵐電「車折神社」駅の斜め前に佇むテイクアウト主体のコンパクトな日本茶スタンド。その場でお抹茶を点てて飲む本格抹茶ラテや、抹茶餡が載っている綺麗な見た目の抹茶プリンが楽しめる。,075-881-1881,​〒616-8343 京都市右京区嵯峨朝日町22-66,京福「車折神社駅」から27m,10:00〜17:00,https://www.8108kyoto.com/,不定休,ドリンク ぷるぷるスイーツ
ますだ茶舗,大正元年創業、添加物等は一切使用せず、厳選した本物の宇治茶のみをブレンドするお茶の専門店。高級抹茶「初昔」をふんだんに使用し、碾きたての抹茶パウダーをかけた元祖抹茶掛けソフトやほうじ茶ソフトが食べられる。,0774-21-4034,〒611-0021 京都府宇治市宇治蓮華21-3,JR奈良線「宇治」駅より徒歩8分京阪電車 京阪宇治線 「宇治」駅より徒歩7分,10:00～17:00,https://masudachaho.com/,不定休,アイスクリーム
ますだ茶舗 TEA STAND SHOP,大正元年創業、添加物等は一切使用せず、厳選した本物の宇治茶のみをブレンドするお茶の専門店。こちらのティースタンドでは宇治抹茶ラテやティーソーダ、煎茶や抹茶甘酒などのドリンクが味わえる。,0774-21-4034,〒611-0021 京都府宇治市宇治蓮華21-6,JR奈良線「宇治」駅より徒歩8分京阪電車 京阪宇治線 「宇治」駅より徒歩7分,10:00～17:00,https://masudachaho.com/,不定休,ドリンク
然花抄院 京都室町本店 ,京都室町通り、老舗の呉服商が立ち並ぶ一角に2009年8月にオープン。光溢れる庭を眺めつつ、出来立てのお茶とお菓子を楽しめる。然ノ氷宇治金時や冷抹茶は季節限定。,075-241-3300,〒604-0021 京都市中京区室町通二条下ル蛸薬師町271-1,地下鉄「烏丸御池駅」2番出口より徒歩6分,11：00-18：00（喫茶17：30ラストオーダー）,https://www.zen-kashoin.com/muromachistore/zencafe/index.html,第2・4月曜日,かき氷
中村藤吉本店 宇治本店,地元では屋号から”まるとさん”の愛称で親しまれている1854年創業の老舗茶舗。お座敷で石臼での挽き茶体験や濃茶・薄茶体験が楽しめる。竹の器に入った生茶ゼリイやまるとパフェが食べられるのは本店のみ。かき氷やぜんざいは季節限定。,0774-22-7800,〒611-0021 京都府宇治市宇治壱番１０,JR奈良線「宇治」駅から徒歩1分京阪「宇治」駅から徒歩10分,10:00-17:30(LO16:30),https://www.tokichi.jp/stores/map_honten.html,無休,パフェ ぷるぷるスイーツ かき氷 ぜんざい
中村藤吉本店 京都駅店,地元では屋号から”まるとさん”の愛称で親しまれている1854年創業の老舗茶舗。ガラスの器に入った生茶ゼリイやまるとパフェが食べられるのは京都駅店のみ。かき氷やぜんざいは季節限定。他にもドリンクやスイーツが充実している。,075-352-1111 ,〒600-8215 京都府京都市下京区烏丸通塩小路下ル東塩小路町 JR京都伊勢丹 レストラン街［JR西口改札前イートパラダイス］3F,JR「京都駅」から徒歩1分,11:00-22:00(L.O 21:00),https://www.tokichi.jp/stores/map_kyoto.html,施設に準ずる,パフェ ぷるぷるスイーツ かき氷 ぜんざい
通圓,1160年創業の老舗茶舗。足利義政、豊臣秀吉、徳川家康もお茶したと言われる。宇治橋と宇治川の流れを眺めながら、スイーツや茶そばを楽しめる。陶器のグラスに入った抹茶パフェや、茶団子セット、あんみつなどが食べられる。,0774-21-2243,〒611-0021 京都府宇治市宇治東内１,JR奈良線「宇治」駅から徒歩9分京阪「宇治」駅から徒歩2分,9:30~17:30,http://www.tsuentea.com/shop/teasalon.html,年中無休,パフェ お団子 あんみつ
二軒茶屋,八坂神社の鳥居内に構える創業480年以上の老舗茶屋。田楽豆腐発祥の店としても知られる。名前の由来は神社の表参道に二軒の茶屋が向かい合っていたことから。フォルムが可愛い抹茶パフェやあんみつ、抹茶プリンなどが味わえる。,075-561-0016 ,〒605-0074 京都府京都市東山区 605-0073 京都市東山区祇園八坂神社 鳥居内,京阪本線 「祇園四条駅」6号出口 徒歩10分阪急京都線 「河原町駅」1B出口 徒歩13分,平日：11:00〜18:00 土日祝：11:00〜18:00,http://www.nikenchaya.jp/,水曜日,パフェ あんみつ ぷるぷるスイーツ
茶寮都路里 祇園本店,「祇園辻利」プロデュースの祇園を代表する人気甘味処。常時8種以上のパフェや季節ごとのパフェ、クリームあんみつ、アイスクリームなどが楽しめる。かき氷、冷やしぜんざい、冷やしわらび餅は季節限定。,075-561-2257,〒605-0074 京都府京都市東山区祇園町南側５７３−３祇園辻利本店 2階・3階,京阪電車「祇園四条駅」6号出口から徒歩3分,平日 - 10:00～21:00（L.O. 20:00）土・日・祝 - 10:00～21:00（L.O. 19:30）,https://www.giontsujiri.co.jp/store/saryotsujiri-honten/#information,無,パフェ あんみつ アイスクリーム かき氷 ぜんざい プルプルスイーツ
茶寮都路里 京都伊勢丹店,「祇園辻利」プロデュースの人気甘味処。常時8種以上のパフェや、クリームあんみつ、アイスクリームなどが楽しめる。かき氷、冷やしぜんざい、冷やしわらび餅は季節限定。店舗限定パフェも味わえる。,075-352-6622,〒600-8555 京都府京都市下京区東塩小路町９０１ ジェイアール京都伊勢丹 6階,JR「京都駅」から徒歩1分,10:00～20:00（L.O. 19:30）,https://www.giontsujiri.co.jp/store/kyoto-isetan/#information,不定休,パフェ あんみつ アイスクリーム かき氷 ぜんざい プルプルスイーツ
祇園辻利 祇園本店,「祇園辻利」プロデュース。ソフトクリームやドリンク、フロートなどが楽しめる。店内ではお茶の葉や手土産などが購入できる。,075-551-1122,〒605-0074 京都府京都市東山区祇園町南側５７３−３,京阪電車「祇園四条駅」6号出口から徒歩3分,10:00～21:00,https://www.giontsujiri.co.jp/store/giontsujiri-honten/,不定休,アイスクリーム ドリンク
祇園辻利 京都駅 八条口店,「祇園辻利」プロデュース。ソフトクリームやドリンク、フロートなどが楽しめる。抹茶デミダス、京ふわわは八条口店限定。,075-681-0001,〒600-8214 京都府京都市下京区東塩小路高倉町８−３,JR「京都駅」下車 八条口側1階新幹線改札口より右2件隣り,8:30〜21:00,https://www.giontsujiri.co.jp/store/hachijo-guchi/,不定休,アイスクリーム ドリンク
辻利  京都店,1860年創業の宇治の老舗・辻利によるカフェ＆ショップ。こだわりの抹茶を使ったドリンクやスイーツが楽しめる。京ラテや京スムージー、辻利ソフトなどが味わえる。,075-551-0220,〒605-0075 京都府京都市東山区四条通大和大路西入中之町 215,京阪電鉄 「祇園四条駅」6番出口 徒歩約1分阪急電鉄 「河原町駅」1番出口 徒歩約4分京都市営バス／京都バス／京阪バス「四条京阪前」より徒歩約1分、「四条河原町」より徒歩約5分,12:00～18:00,https://www.kataoka.com/tsujiri/shop/kyoto/,無休,アイスクリーム ドリンク
辻利 京都タワーサンド店,1860年創業の宇治の老舗・辻利によるカフェ＆ショップ。こだわりの抹茶を使ったドリンクやスイーツが楽しめる。京ラテや京スムージー、辻利ソフトなどが味わえる。,075-744-6417,〒600-8216 京都市下京区烏丸通七条下る東塩小路町721-1 京都タワーサンド,JR「京都駅」新幹線中央口より徒歩4分 / 中央口より徒歩3分 / 地下東口より直結徒歩2分京都市営地下鉄「京都駅」北改札より直結徒歩2分近鉄「京都駅」近鉄改札口より徒歩8分,9:00～21:00,https://www.kataoka.com/tsujiri/shop/kyoto/shops.html#kyoto-towersand,施設に準ずる,アイスクリーム ドリンク
大谷園茶舗,自家製にこだわりをもった創業90年の老舗の宇治茶カフェ。宇治茶カフェ認定店であり日本茶インストラクターがお店にいる。数種類のパフェ、ソフトクリーム、ドリンクが味わえ、お茶淹れ体験もできる。,050-5592-1774,〒605-0971 京都府京都市東山区今熊野椥ノ森町７,市バス「泉涌寺道」下車徒歩2分京阪・JR「東福寺」駅下車徒歩１０分,9：30～18：00(L.O.17:00),https://www.kyoto-ujicha.net/teacafe/,日曜,パフェ アイスクリーム ドリンク
よーじやカフェ 祇園店 ,あぶらとり紙で有名なよーじやのカフェ。花街・祇園の真ん中にある。有名なマークが描かれたパフェやカプチーノ、スムージなどが楽しめる。,075-746-2263,〒605-0073 京都市東山区祇園町北側266番地 井澤ビル2F,京阪「祇園四条駅」下車四条通りを東へ徒歩5分,11:00～19:00（L.O 18:30）,https://yojiyacafe.com/shop/gion/,無休,パフェ ドリンク
よーじやカフェ 嵯峨野嵐山店 ,あぶらとり紙で有名なよーじやのカフェ。有名なマークが描かれたパフェやカプチーノ、スムージなどが楽しめる。テイクアウトメニューにクレープ、カップスイーツ、アイスクリームなどが食べられる。,075-865-2213,〒616-8375 京都市右京区嵯峨天龍寺立石町2,JR山陰本線 「嵯峨嵐山駅」 西へ徒歩10分 京都駅から市バス［28］「野々宮バス停」前京福電車（嵐電）「嵐山駅」北へ徒歩10分,10:00～18:00（L.O 17:30）テイクアウトメニュー10:00～17:30,https://yojiyacafe.com/shop/sagano/,無休,パフェ ドリンク アイスクリーム クレープ
よーじやカフェ 京都駅前地下街ポルタ店,あぶらとり紙で有名なよーじやのテイクアウト専門店。クレープ、カップスイーツ、アイスクリーム、ドリンクなどが楽しめる。,075-366-4698,〒600-8216 京都市下京区烏丸通塩小路下る東塩小路町902番地 京都駅前地下街ポルタ「きょうこのみ」内,ＪＲ「京都駅」烏丸中央口より徒歩約5分/京都市営地下鉄烏丸線「京都駅」4出口より徒歩すぐ,10:00～20:30,https://yojiyacafe.com/shop/porta/,無休,クレープ アイスクリーム ドリンク
京煎堂 祇園本店,創業90年の京都の煎餅・和菓子・和スイーツ店のカフェ。煎餅がトッピングされている抹茶パフェが一番人気。他にもわらび餅、シフォンケーキ、プリンパフェなどが他に食べられる。,075-541-1141,〒605-0074 京都府京都市東山区祇園町南側５６５−１,京阪本線「祇園四条駅」6番出口から徒歩4分阪急京都本線「河原町駅」1B出口から徒歩7分,10:30～20:00 (L.O.19:30),https://kyosen.do/,年中無休,パフェ ケーキ ぷるぷるスイーツ